Название дивана,Цена без скидки,Цена со скидкой,Ссылка на товар
Диван Льери Мини Velvet Light,87 990руб.,56 990руб.,https://www.divan.ru/product/divan-leri-mini-bucle-white
Диван Нумо Velvet Yellow,51 190руб.,35 990руб.,https://www.divan.ru/product/divan-numo-velvet-grafit
Диван Тут Рядом Дом Серо-графитовый,N/A,72 990руб.,https://www.divan.ru/product/divan-tut-ryadom-dom-jeltyj
Диван угловой Ройн Мини Velvet Olive,56 990руб.,39 990руб.,https://www.divan.ru/product/divan-uglovoj-rojn-mini-velvet-blue
Диван угловой Эби-1 Velvet Coral,104 990руб.,69 990руб.,https://www.divan.ru/product/divan-uglovoj-abi-1-happy-deep-ocean
Диван Бруквиль Velvet Blue,72 990руб.,46 990руб.,https://www.divan.ru/product/divan-brukvil-velvet-beige
Диван Тут Рядом Космос Светло-Бежевый,N/A,109 990руб.,https://www.divan.ru/product/divan-tut-ryadom-kosmos-bejevyj
Диван Линс Velvet Navy Blue,45 990руб.,29 990руб.,https://www.divan.ru/product/divan-lins-velvet-emerald
Диван Нумо Мини Textile Yellow,38 890руб.,22 990руб.,https://www.divan.ru/product/divan-numo-mini-textile-navy-blue
Диван Байма Velvet Grey,93 990руб.,69 990руб.,https://www.divan.ru/product/divan-bajma-velvet-beige
Кресло Тут Рядом Дом Сине-бежевый,N/A,50 990руб.,https://www.divan.ru/product/kreslo-tut-ryadom-dom-jeltyj
Диван угловой Беллер Textile Yellow,58 990руб.,40 990руб.,https://www.divan.ru/product/divan-uglovoj-beller-textile-grafit
Кресло Бенел Cozy Ivory,35 990руб.,31 990руб.,https://www.divan.ru/product/kreslo-benel-cozy-beige
Диван Нумо Velvet Grafit,51 190руб.,35 990руб.,https://www.divan.ru/product/divan-numo-velvet-grey
Пуф Тут Рядом Дом Серо-графитовый,N/A,15 990руб.,https://www.divan.ru/product/puf-tut-ryadom-dom-jeltyj
Диван Роттердам Velvet Yellow,34 490руб.,23 990руб.,https://www.divan.ru/product/divan-rotterdam-velvet-black
Диван Сваут Velvet Grey,81 990руб.,64 990руб.,https://www.divan.ru/product/divan-svaut-velvet-beige
Пуф Дадли Velvet Ocean,5490руб.,3290руб.,https://www.divan.ru/product/puf-dadli-velvet-beige
Диван Линс Velvet Grafit,45 990руб.,29 990руб.,https://www.divan.ru/product/divan-lins-velvet-emerald
Диван Рейли Velvet Coral,38 990руб.,30 990руб.,https://www.divan.ru/product/divan-rejli-velvet-emerald
Пуф Тут Рядом Красавчик Светло-бежевый,N/A,34 990руб.,https://www.divan.ru/product/puf-tut-ryadom-krasavchik-oranjevyj
Диван Коренс Happy Grey,32 990руб.,29 990руб.,https://www.divan.ru/product/divan-korens-happy-grafit
Диван угловой Шера Velvet Light,132 990руб.,99 990руб.,https://www.divan.ru/product/divan-uglovoj-shera-velvet-blue
Диван Види Textile Ocean,38 690руб.,22 990руб.,https://www.divan.ru/product/divan-vidi-textile-grey
Пуф Тут Рядом Дом Зеленый,N/A,15 990руб.,https://www.divan.ru/product/puf-tut-ryadom-dom-jeltyj
Кресло Гета Soft Silver,36 990руб.,29 990руб.,https://www.divan.ru/product/kreslo-geta-soft-blue
Диван угловой Нумо Velvet Yellow,63 990руб.,44 990руб.,https://www.divan.ru/product/divan-uglovoj-numo-velvet-grafit
Диван Тут Рядом Дом Сине-бежевый,N/A,72 990руб.,https://www.divan.ru/product/divan-tut-ryadom-dom-jeltyj
Диван Сваут Velvet Mustard,81 990руб.,64 990руб.,https://www.divan.ru/product/divan-svaut-velvet-beige
Кресло Элвит Cozy Ivory,32 990руб.,26 990руб.,https://www.divan.ru/product/kreslo-elvit-cozy-beige
Модульный диван Сэндж 2 Textile Yellow,N/A,58 970руб.,https://www.divan.ru/product/modulnyj-divan-sendj-2-textile-grey
Пуф Лонди Cozy Beige,15 990руб.,13 990руб.,https://www.divan.ru/product/puf-londi-cozy-ginger
Кресло Тут Рядом Дом Розовый,N/A,50 990руб.,https://www.divan.ru/product/kreslo-tut-ryadom-dom-jeltyj
Диван Нумо Мини Textile Light,38 890руб.,22 990руб.,https://www.divan.ru/product/divan-numo-mini-textile-navy-blue
Диван Рейли Velvet Mint,38 990руб.,30 990руб.,https://www.divan.ru/product/divan-rejli-velvet-coral
Диван Риббл-2 Bucle Lilac,N/A,65 990руб.,https://www.divan.ru/product/divan-ribbl-2-bucle-beige
Диван угловой Маркфул Velvet Ocean,123 990руб.,79 990руб.,https://www.divan.ru/product/divan-uglovoj-markful-velvet-coral
Кушетка Роби Textile Coral,21 990руб.,16 990руб.,https://www.divan.ru/product/kushetka-robi-textile-blue
Диван угловой Нумо Velvet Grey,63 990руб.,44 990руб.,https://www.divan.ru/product/divan-uglovoj-numo-velvet-grafit
Пуф Роттердам Мини Velvet Milk,N/A,10 990руб.,https://www.divan.ru/product/puf-rotterdam-mini-velvet-mint
Пуф Тут Рядом Красавчик Оранжевый,N/A,27 990руб.,https://www.divan.ru/product/puf-tut-ryadom-krasavchik-svetlo-bejevyj
Кушетка Оренте Soft Sky,57 990руб.,40 990руб.,https://www.divan.ru/product/kushetka-orente-soft-beige
Пуф Бане Cozy Ginger,10 990руб.,8990руб.,https://www.divan.ru/product/puf-bane-cozy-beige
Банкетка Аймо Textile Light,8990руб.,7990руб.,https://www.divan.ru/product/banketka-ajmo-textile-grafit
Диван Лонди Mima Pink,99 990руб.,84 990руб.,https://www.divan.ru/product/divan-londi-cozy-beige
Кресло Элвит Cozy Emerald,32 990руб.,26 990руб.,https://www.divan.ru/product/kreslo-elvit-cozy-beige
Кресло Тут Рядом Космос-2 Графитовый,N/A,79 990руб.,https://www.divan.ru/product/kreslo-tut-ryadom-kosmos-2-bejevyj
Пуф Динс Velvet Yellow,7990руб.,6990руб.,https://www.divan.ru/product/puf-dins-velvet-milk
