Название товара,Цена,Ссылка на товар
Подвесной светильник Сансет Black,4400,https://www.divan.ru/kazan/product/podvesnoj-svetilnik-sanset-black
Подвесной светильник Сансет White,4400,https://www.divan.ru/kazan/product/podvesnoj-svetilnik-sanset-white
Подвесной светильник Портланд Black,2720,https://www.divan.ru/kazan/product/podvesnoj-svetilnik-portland-black
Подвесной светильник Кая White,2720,https://www.divan.ru/kazan/product/podvesnoj-svetilnik-kaya-white
Подвесной светильник Кая Black,2720,https://www.divan.ru/kazan/product/podvesnoj-svetilnik-kaya-black
Подвесной светильник Кэндел Black,2830,https://www.divan.ru/kazan/product/podvesnoj-svetilnik-kendel-black
Подвесной светильник Кэндел White,2830,https://www.divan.ru/kazan/product/podvesnoj-svetilnik-kendel-white
Подвесной светильник Бабл-3,6500,https://www.divan.ru/kazan/product/podvesnoj-svetilnik-babl-3
Подвесной светильник Бабл-9,17320,https://www.divan.ru/kazan/product/podvesnoj-svetilnik-babl-9
Подвесной светильник Эдли Beige,19940,https://www.divan.ru/kazan/product/podvesnoj-svetilnik-edli-beige
Подвесной светильник Клифс Beige,13850,https://www.divan.ru/kazan/product/podvesnoj-svetilnik-klifs-beige
Подвесной светильник Корниш Beige,11860,https://www.divan.ru/kazan/product/podvesnoj-svetilnik-kornish-beige
Подвесной светильник Даклин White,4090,https://www.divan.ru/kazan/product/podvesnoj-svetilnik-daklin-white
Подвесной светильник Hilt,3770,https://www.divan.ru/kazan/product/podvesnoj-svetilnik-hilt
Подвесной светильник Moderli Alina,9970,https://www.divan.ru/kazan/product/podvesnoj-svetilnik-moderli-alina
Подвесной светильник Priddy,10390,https://www.divan.ru/kazan/product/podvesnoj-svetilnik-priddy
Подвесной светильник Myrica Black,14690,https://www.divan.ru/kazan/product/podvesnoj-svetilnik-myrica-black
Подвесной светильник Маро Green,12280,https://www.divan.ru/kazan/product/podvesnoj-svetilnik-maro-green
Подвесной светильник Кэнди Red,4190,https://www.divan.ru/kazan/product/podvesnoj-svetilnik-kendi-red
Подвесной светильник Hilt White,3560,https://www.divan.ru/kazan/product/podvesnoj-svetilnik-hilt-white
Подвесной светильник Moderli Martin-1,6610,https://www.divan.ru/kazan/product/podvesnoj-svetilnik-moderli-martin-1
Подвесной светильник Volare-1,4540,https://www.divan.ru/kazan/product/podvesnoj-svetilnik-volare-1
Подвесной светильник Milligan,5770,https://www.divan.ru/kazan/product/podvesnoj-svetilnik-milligan
Подвесной светильник Tureis,3560,https://www.divan.ru/kazan/product/podvesnoj-svetilnik-tureis
Подвесной светильник Санти White,10180,https://www.divan.ru/kazan/product/podvesnoj-svetilnik-santi-white
Подвесной светильник Larix-1 Black,16790,https://www.divan.ru/kazan/product/podvesnoj-svetilnik-larix-1-black
Подвесной светильник Layham,20780,https://www.divan.ru/kazan/product/podvesnoj-svetilnik-layham
Подвесной светильник Vib White,19520,https://www.divan.ru/kazan/product/podvesnoj-svetilnik-vib-white
Подвесной светильник Townshend-4,11540,https://www.divan.ru/kazan/product/podvesnoj-svetilnik-townshend-4
Подвесной светильник Myrica White,13330,https://www.divan.ru/kazan/product/podvesnoj-svetilnik-myrica-white
Подвесной светильник Salix White,20890,https://www.divan.ru/kazan/product/podvesnoj-svetilnik-salix-white
Подвесной светильник Даклин Black,4090,https://www.divan.ru/kazan/product/podvesnoj-svetilnik-daklin-black
Подвесной светильник Chieveley,15740,https://www.divan.ru/kazan/product/podvesnoj-svetilnik-chieveley
Подвесной светильник Robinia Gold,12380,https://www.divan.ru/kazan/product/podvesnoj-svetilnik-robinia-gold
Подвесной светильник Moderli Libre,5770,https://www.divan.ru/kazan/product/podvesnoj-svetilnik-moderli-libre
Подвесной светильник Moderli Arya-2,8810,https://www.divan.ru/kazan/product/podvesnoj-svetilnik-moderli-arya-2
Подвесной светильник Даклин Red,4090,https://www.divan.ru/kazan/product/podvesnoj-svetilnik-daklin-red
Подвесной светильник Narices,9760,https://www.divan.ru/kazan/product/podvesnoj-svetilnik-narices
Подвесной светильник Moderli Brizzi-2,8180,https://www.divan.ru/kazan/product/podvesnoj-svetilnik-moderli-brizzi-2
Подвесной светильник Moderli Lewes,15110,https://www.divan.ru/kazan/product/podvesnoj-svetilnik-moderli-lewes
Подвесной светильник Milligan-1,17320,https://www.divan.ru/kazan/product/podvesnoj-svetilnik-milligan-1
Подвесной светильник Narices-1,27710,https://www.divan.ru/kazan/product/podvesnoj-svetilnik-narices-1
Подвесной светильник Нести White,6190,https://www.divan.ru/kazan/product/podvesnoj-svetilnik-nesti-white
Подвесной светильник Moderli Host-2,14060,https://www.divan.ru/kazan/product/podvesnoj-svetilnik-moderli-host-2
Подвесной светильник Moderli Zoe-2,8390,https://www.divan.ru/kazan/product/podvesnoj-svetilnik-moderli-zoe-2
Подвесной светильник Полярик Silver,8080,https://www.divan.ru/kazan/product/podvesnoj-svetilnik-polyarik-silver
Подвесной светильник Нести Black,5980,https://www.divan.ru/kazan/product/podvesnoj-svetilnik-nesti-black
Подвесной светильник Фаро White,5560,https://www.divan.ru/kazan/product/podvesnoj-svetilnik-faro-white
